{
    "alcoholTobaccoOrDrugUseOrReferences": "NONE",
    "contests": "NONE",
    "gamblingSimulated": "NONE",
    "horrorOrFearThemes": "NONE",
    "matureOrSuggestiveThemes": "NONE",
    "medicalOrTreatmentInformation": "NONE",
    "profanityOrCrudeHumor": "NONE",
    "sexualContentGraphicAndNudity": "NONE",
    "sexualContentOrNudity": "NONE",
    "violenceCartoonOrFantasy": "NONE",
    "violenceRealisticProlongedGraphicOrSadistic": "FREQUENT_OR_INTENSE",
    "violenceRealistic": "INFREQUENT_OR_MILD",
    "gambling": false,
    "seventeenPlus": false,
    "unrestrictedWebAccess": true
}
